500,MGNT_500
1,default
500,MGNT_500
1,default
1100,CN-UnivAdm_1100
1100,CN-UnivAdm_1100
1100,CN-UnivAdm_1100
1100,CN-UnivAdm_1100
1100,CN-UnivAdm_1100
1100,CN-UnivAdm_1100
1100,CN-UnivAdm_1100
1145,MCS-Conf_H
504,WAP_504
504,WAP_504
1114,CN-StudentAdmin_1114
1114,CN-StudentAdmin_1114
1209,Bldg-WirelessMgmt
1114,CN-StudentAdmin_1114
1114,CN-StudentAdmin_1114
1114,CN-StudentAdmin_1114
1114,CN-StudentAdmin_1114
1114,CN-StudentAdmin_1114
1122,CN-Prntr_S
1122,CN-Prntr_S
1114,CN-StudentAdmin_1114
1114,CN-StudentAdmin_1114
1114,CN-StudentAdmin_1114
1114,CN-StudentAdmin_1114
1114,CN-StudentAdmin_1114
1114,CN-StudentAdmin_1114
1114,CN-StudentAdmin_1114
1114,CN-StudentAdmin_1114
1114,CN-StudentAdmin_1114
1114,CN-StudentAdmin_1114
1114,CN-StudentAdmin_1114
1114,CN-StudentAdmin_1114
1114,CN-StudentAdmin_1114
1114,CN-StudentAdmin_1114
1114,CN-StudentAdmin_1114
1114,CN-StudentAdmin_1114
1114,CN-StudentAdmin_1114
1114,CN-StudentAdmin_1114
1114,CN-StudentAdmin_1114
1114,CN-StudentAdmin_1114
1114,CN-StudentAdmin_1114
1114,CN-StudentAdmin_1114
1114,CN-StudentAdmin_1114
1114,CN-StudentAdmin_1114
1114,CN-StudentAdmin_1114
1114,CN-StudentAdmin_1114
1114,CN-StudentAdmin_1114
1114,CN-StudentAdmin_1114
1114,CN-StudentAdmin_1114
1114,CN-StudentAdmin_1114
1114,CN-StudentAdmin_1114
1114,CN-StudentAdmin_1114
504,WAP_504
504,WAP_504
1114,CN-StudentAdmin_1114
1114,CN-StudentAdmin_1114
1114,CN-StudentAdmin_1114
1114,CN-StudentAdmin_1114
1114,CN-StudentAdmin_1114
1114,CN-StudentAdmin_1114
1114,CN-StudentAdmin_1114
1114,CN-StudentAdmin_1114
1114,CN-StudentAdmin_1114
1114,CN-StudentAdmin_1114
1114,CN-StudentAdmin_1114
1114,CN-StudentAdmin_1114
1114,CN-StudentAdmin_1114
1114,CN-StudentAdmin_1114
1114,CN-StudentAdmin_1114
1114,CN-StudentAdmin_1114
1122,CN-Prntr_S
1114,CN-StudentAdmin_1114
1114,CN-StudentAdmin_1114
1100,CN-UnivAdm_1100
1100,CN-UnivAdm_1100
1114,CN-StudentAdmin_1114
1100,CN-UnivAdm_1100
1100,CN-UnivAdm_1100
1100,CN-UnivAdm_1100
1100,CN-UnivAdm_1100
1100,CN-UnivAdm_1100
1100,CN-UnivAdm_1100
504,WAP_504
1100,CN-UnivAdm_1100
1114,CN-StudentAdmin_1114
1114,CN-StudentAdmin_1114
1114,CN-StudentAdmin_1114
1114,CN-StudentAdmin_1114
1114,CN-StudentAdmin_1114
1114,CN-StudentAdmin_1114
1114,CN-StudentAdmin_1114
1114,CN-StudentAdmin_1114
1114,CN-StudentAdmin_1114
1114,CN-StudentAdmin_1114
1114,CN-StudentAdmin_1114
1100,CN-UnivAdm_1100
501,Enviro_501
1122,CN-Prntr_S
1122,CN-Prntr_S
1100,CN-UnivAdm_1100
1100,CN-UnivAdm_1100
1100,CN-UnivAdm_1100
1114,CN-StudentAdmin_1114
1114,CN-StudentAdmin_1114
1100,CN-UnivAdm_1100
1150,MediaS-EClassrm_H
1100,CN-UnivAdm_1100
1100,CN-UnivAdm_1100
1100,CN-UnivAdm_1100
1114,CN-StudentAdmin_1114
1100,CN-UnivAdm_1100
1150,MediaS-EClassrm_H
1152,MediaS-EClRmCntl_H
1100,CN-UnivAdm_1100
1100,CN-UnivAdm_1100
1100,CN-UnivAdm_1100
1100,CN-UnivAdm_1100
1100,CN-UnivAdm_1100
1100,CN-UnivAdm_1100
1100,CN-UnivAdm_1100
1100,CN-UnivAdm_1100
1100,CN-UnivAdm_1100
1100,CN-UnivAdm_1100
1100,CN-UnivAdm_1100
1100,CN-UnivAdm_1100
1114,CN-StudentAdmin_1114
1100,CN-UnivAdm_1100
1100,CN-UnivAdm_1100
1100,CN-UnivAdm_1100
1100,CN-UnivAdm_1100
1100,CN-UnivAdm_1100
1100,CN-UnivAdm_1100
1100,CN-UnivAdm_1100
1100,CN-UnivAdm_1100
1100,CN-UnivAdm_1100
1100,CN-UnivAdm_1100
1100,CN-UnivAdm_1100
1100,CN-UnivAdm_1100
1100,CN-UnivAdm_1100
1100,CN-UnivAdm_1100
1100,CN-UnivAdm_1100
500,MGNT_500
500,MGNT_500
1100,CN-UnivAdm_1100
1100,CN-UnivAdm_1100
1100,CN-UnivAdm_1100
1100,CN-UnivAdm_1100
1100,CN-UnivAdm_1100
1100,CN-UnivAdm_1100
1100,CN-UnivAdm_1100
1100,CN-UnivAdm_1100
1100,CN-UnivAdm_1100
1100,CN-UnivAdm_1100
1100,CN-UnivAdm_1100
1100,CN-UnivAdm_1100
1100,CN-UnivAdm_1100
1100,CN-UnivAdm_1100
1100,CN-UnivAdm_1100
1100,CN-UnivAdm_1100
1100,CN-UnivAdm_1100
1100,CN-UnivAdm_1100
1100,CN-UnivAdm_1100
1100,CN-UnivAdm_1100
1100,CN-UnivAdm_1100
1100,CN-UnivAdm_1100
1100,CN-UnivAdm_1100
1100,CN-UnivAdm_1100
1100,CN-UnivAdm_1100
1100,CN-UnivAdm_1100
1100,CN-UnivAdm_1100
1114,CN-StudentAdmin_1114
1100,CN-UnivAdm_1100
1100,CN-UnivAdm_1100
1122,CN-Prntr_S
1114,CN-StudentAdmin_1114
1122,CN-Prntr_S
1100,CN-UnivAdm_1100
1100,CN-UnivAdm_1100
1100,CN-UnivAdm_1100
1100,CN-UnivAdm_1100
1100,CN-UnivAdm_1100
1122,CN-Prntr_S
1122,CN-Prntr_S
1114,CN-StudentAdmin_1114
1100,CN-UnivAdm_1100
1114,CN-StudentAdmin_1114
1100,CN-UnivAdm_1100
504,WAP_504
504,WAP_504
504,WAP_504
504,WAP_504
1100,CN-UnivAdm_1100
1100,CN-UnivAdm_1100
1100,CN-UnivAdm_1100
1100,CN-UnivAdm_1100
1100,CN-UnivAdm_1100
1100,CN-UnivAdm_1100
1100,CN-UnivAdm_1100
1122,CN-Prntr_S
1100,CN-UnivAdm_1100
1100,CN-UnivAdm_1100
1100,CN-UnivAdm_1100
1100,CN-UnivAdm_1100
1100,CN-UnivAdm_1100
1100,CN-UnivAdm_1100
1100,CN-UnivAdm_1100
1100,CN-UnivAdm_1100
1100,CN-UnivAdm_1100
1100,CN-UnivAdm_1100
1100,CN-UnivAdm_1100
1100,CN-UnivAdm_1100
1100,CN-UnivAdm_1100
1100,CN-UnivAdm_1100
1100,CN-UnivAdm_1100
1100,CN-UnivAdm_1100
1100,CN-UnivAdm_1100
1100,CN-UnivAdm_1100
1100,CN-UnivAdm_1100
1100,CN-UnivAdm_1100
1100,CN-UnivAdm_1100
1100,CN-UnivAdm_1100
1100,CN-UnivAdm_1100
1100,CN-UnivAdm_1100
504,WAP_504
504,WAP_504
1100,CN-UnivAdm_1100
1100,CN-UnivAdm_1100
1100,CN-UnivAdm_1100
1100,CN-UnivAdm_1100
1100,CN-UnivAdm_1100
1100,CN-UnivAdm_1100
1100,CN-UnivAdm_1100
1100,CN-UnivAdm_1100
1100,CN-UnivAdm_1100
1100,CN-UnivAdm_1100
1100,CN-UnivAdm_1100
504,WAP_504
1100,CN-UnivAdm_1100
1100,CN-UnivAdm_1100
